timeStamp,elapsed,label,responseCode,responseMessage,threadName,dataType,success,failureMessage,bytes,sentBytes,grpThreads,allThreads,URL,Latency,IdleTime,Connect
1691365030343,4289,HTTP Request,200,OK,Thread Group 1 1-4,text,true,,632774,1325,5,7,https://accounts.google.com/v3/signin/identifier?continue=https%3A%2F%2Fmail.google.com%2Fmail%2Fu%2F0%2F&emr=1&followup=https%3A%2F%2Fmail.google.com%2Fmail%2Fu%2F0%2F&ifkv=AXo7B7XPECSsXKWC3v4ZU-6lDpB1ruQZ6EiS51bGzKOxvCH1ugVTk50oFWofcJgxi-CNvyQe9xf1Pg&osid=1&passive=1209600&service=mail&flowName=WebLiteSignIn&flowEntry=ServiceLogin&dsh=S-2080281675%3A1691365031475202,51,0,24
1691365030343,51,HTTP Request-0,301,Moved Permanently,Thread Group 1 1-4,text,true,,607,114,5,7,http://gmail.com/,51,0,24
1691365030395,990,HTTP Request-1,302,Moved Temporarily,Thread Group 1 1-4,text,true,,1252,129,5,7,https://mail.google.com/mail/u/0/,990,0,743
1691365031387,302,HTTP Request-2,302,Found,Thread Group 1 1-4,text,true,,1651,264,5,7,https://accounts.google.com/ServiceLogin?service=mail&passive=1209600&osid=1&continue=https://mail.google.com/mail/u/0/&followup=https://mail.google.com/mail/u/0/&emr=1,302,0,160
1691365031689,100,HTTP Request-3,302,Moved Temporarily,Thread Group 1 1-4,text,true,,2065,352,5,7,https://accounts.google.com/InteractiveLogin?continue=https://mail.google.com/mail/u/0/&emr=1&followup=https://mail.google.com/mail/u/0/&osid=1&passive=1209600&service=mail&ifkv=AXo7B7UA3vcPckKH0q7idwqg_jsfTGq7PcCae8KFPjbqIzSNmN2-34WPI_JTnLgLJXM6FR6UuDYifg,100,0,0
1691365031789,2843,HTTP Request-4,200,OK,Thread Group 1 1-4,text,true,,627199,466,5,7,https://accounts.google.com/v3/signin/identifier?continue=https%3A%2F%2Fmail.google.com%2Fmail%2Fu%2F0%2F&emr=1&followup=https%3A%2F%2Fmail.google.com%2Fmail%2Fu%2F0%2F&ifkv=AXo7B7XPECSsXKWC3v4ZU-6lDpB1ruQZ6EiS51bGzKOxvCH1ugVTk50oFWofcJgxi-CNvyQe9xf1Pg&osid=1&passive=1209600&service=mail&flowName=WebLiteSignIn&flowEntry=ServiceLogin&dsh=S-2080281675%3A1691365031475202,293,0,0
1691365029945,4895,HTTP Request,200,OK,Thread Group 1 1-2,text,true,,632803,1323,4,6,https://accounts.google.com/v3/signin/identifier?continue=https%3A%2F%2Fmail.google.com%2Fmail%2Fu%2F0%2F&emr=1&followup=https%3A%2F%2Fmail.google.com%2Fmail%2Fu%2F0%2F&ifkv=AXo7B7WQMyZ0naQVZjUUf2pCWoziyricHb1aNihBkjBWNW1NQVq7owXsKAxtYMZx520vQZkWFvfoQw&osid=1&passive=1209600&service=mail&flowName=WebLiteSignIn&flowEntry=ServiceLogin&dsh=S-66398367%3A1691365031402205,49,0,18
1691365029945,57,HTTP Request-0,301,Moved Permanently,Thread Group 1 1-2,text,true,,607,114,4,6,http://gmail.com/,49,0,18
1691365030006,1382,HTTP Request-1,302,Moved Temporarily,Thread Group 1 1-2,text,true,,1252,129,4,6,https://mail.google.com/mail/u/0/,1382,0,1132
1691365031390,230,HTTP Request-2,302,Found,Thread Group 1 1-2,text,true,,1651,264,4,6,https://accounts.google.com/ServiceLogin?service=mail&passive=1209600&osid=1&continue=https://mail.google.com/mail/u/0/&followup=https://mail.google.com/mail/u/0/&emr=1,230,0,137
1691365031620,95,HTTP Request-3,302,Moved Temporarily,Thread Group 1 1-2,text,true,,2061,352,4,6,https://accounts.google.com/InteractiveLogin?continue=https://mail.google.com/mail/u/0/&emr=1&followup=https://mail.google.com/mail/u/0/&osid=1&passive=1209600&service=mail&ifkv=AXo7B7WSFlsLsNmfyAa-LSW6SRCC7HY_cybxMDxdBv0Gy4Ym72iqY3aNj3wPU1Wf5BpAx8GbqXmndA,95,0,0
1691365031715,3125,HTTP Request-4,200,OK,Thread Group 1 1-2,text,true,,627232,464,4,6,https://accounts.google.com/v3/signin/identifier?continue=https%3A%2F%2Fmail.google.com%2Fmail%2Fu%2F0%2F&emr=1&followup=https%3A%2F%2Fmail.google.com%2Fmail%2Fu%2F0%2F&ifkv=AXo7B7WQMyZ0naQVZjUUf2pCWoziyricHb1aNihBkjBWNW1NQVq7owXsKAxtYMZx520vQZkWFvfoQw&osid=1&passive=1209600&service=mail&flowName=WebLiteSignIn&flowEntry=ServiceLogin&dsh=S-66398367%3A1691365031402205,85,0,0
1691365030143,4939,HTTP Request,200,OK,Thread Group 1 1-3,text,true,,632781,1324,3,5,https://accounts.google.com/v3/signin/identifier?continue=https%3A%2F%2Fmail.google.com%2Fmail%2Fu%2F0%2F&emr=1&followup=https%3A%2F%2Fmail.google.com%2Fmail%2Fu%2F0%2F&ifkv=AXo7B7VwmdWXEw7uSPzhkk81oYH7_ni3TKtqnGaKzxriQoMms5OqyFiooSUOOV8OKSYpzSN0dzNwAg&osid=1&passive=1209600&service=mail&flowName=WebLiteSignIn&flowEntry=ServiceLogin&dsh=S1778931866%3A1691365031466642,53,0,26
1691365030143,53,HTTP Request-0,301,Moved Permanently,Thread Group 1 1-3,text,true,,607,114,3,5,http://gmail.com/,53,0,26
1691365030197,1185,HTTP Request-1,302,Moved Temporarily,Thread Group 1 1-3,text,true,,1252,129,3,5,https://mail.google.com/mail/u/0/,1181,0,941
1691365031389,297,HTTP Request-2,302,Found,Thread Group 1 1-3,text,true,,1651,264,3,5,https://accounts.google.com/ServiceLogin?service=mail&passive=1209600&osid=1&continue=https://mail.google.com/mail/u/0/&followup=https://mail.google.com/mail/u/0/&emr=1,297,0,162
1691365031687,93,HTTP Request-3,302,Moved Temporarily,Thread Group 1 1-3,text,true,,2063,352,3,5,https://accounts.google.com/InteractiveLogin?continue=https://mail.google.com/mail/u/0/&emr=1&followup=https://mail.google.com/mail/u/0/&osid=1&passive=1209600&service=mail&ifkv=AXo7B7WjUv6cUHMbK2WfVbEtQ5_nPO8psb2OsgoWCdwjm1RwHqSJcHYDmQ9zZALYgNX116LTGKyd-Q,93,0,0
1691365031780,3302,HTTP Request-4,200,OK,Thread Group 1 1-3,text,true,,627208,465,3,5,https://accounts.google.com/v3/signin/identifier?continue=https%3A%2F%2Fmail.google.com%2Fmail%2Fu%2F0%2F&emr=1&followup=https%3A%2F%2Fmail.google.com%2Fmail%2Fu%2F0%2F&ifkv=AXo7B7VwmdWXEw7uSPzhkk81oYH7_ni3TKtqnGaKzxriQoMms5OqyFiooSUOOV8OKSYpzSN0dzNwAg&osid=1&passive=1209600&service=mail&flowName=WebLiteSignIn&flowEntry=ServiceLogin&dsh=S1778931866%3A1691365031466642,293,0,0
1691365029879,5231,HTTP Request,200,OK,Thread Group 2 2-1,text,true,,632875,1325,2,4,https://accounts.google.com/v3/signin/identifier?continue=https%3A%2F%2Fmail.google.com%2Fmail%2Fu%2F0%2F&emr=1&followup=https%3A%2F%2Fmail.google.com%2Fmail%2Fu%2F0%2F&ifkv=AXo7B7XqTXrxVKOU2HpKWL-iD45G73KMicuRRG15vkkKK1BgS0mDTmjye8gcIgG2QHjiVoJYnT5M5A&osid=1&passive=1209600&service=mail&flowName=WebLiteSignIn&flowEntry=ServiceLogin&dsh=S-1811553183%3A1691365031462579,114,0,79
1691365029879,122,HTTP Request-0,301,Moved Permanently,Thread Group 2 2-1,text,true,,607,114,2,4,http://gmail.com/,114,0,79
1691365030006,1375,HTTP Request-1,302,Moved Temporarily,Thread Group 2 2-1,text,true,,1252,129,2,4,https://mail.google.com/mail/u/0/,1372,0,1132
1691365031389,292,HTTP Request-2,302,Found,Thread Group 2 2-1,text,true,,1651,264,2,4,https://accounts.google.com/ServiceLogin?service=mail&passive=1209600&osid=1&continue=https://mail.google.com/mail/u/0/&followup=https://mail.google.com/mail/u/0/&emr=1,292,0,149
1691365031681,91,HTTP Request-3,302,Moved Temporarily,Thread Group 2 2-1,text,true,,2065,352,2,4,https://accounts.google.com/InteractiveLogin?continue=https://mail.google.com/mail/u/0/&emr=1&followup=https://mail.google.com/mail/u/0/&osid=1&passive=1209600&service=mail&ifkv=AXo7B7UiENuYzjq0wJtSI1TUKxDEi21LyzHJ-ME2-8HDAjp6pa7w05u0-ogrDYkg2MvwQQm5Mr5p9Q,91,0,0
1691365031773,3337,HTTP Request-4,200,OK,Thread Group 2 2-1,text,true,,627300,466,2,4,https://accounts.google.com/v3/signin/identifier?continue=https%3A%2F%2Fmail.google.com%2Fmail%2Fu%2F0%2F&emr=1&followup=https%3A%2F%2Fmail.google.com%2Fmail%2Fu%2F0%2F&ifkv=AXo7B7XqTXrxVKOU2HpKWL-iD45G73KMicuRRG15vkkKK1BgS0mDTmjye8gcIgG2QHjiVoJYnT5M5A&osid=1&passive=1209600&service=mail&flowName=WebLiteSignIn&flowEntry=ServiceLogin&dsh=S-1811553183%3A1691365031462579,121,0,0
1691365029879,5317,HTTP Request,200,OK,Thread Group 1 1-1,text,true,,633016,1324,2,4,https://accounts.google.com/v3/signin/identifier?continue=https%3A%2F%2Fmail.google.com%2Fmail%2Fu%2F0%2F&emr=1&followup=https%3A%2F%2Fmail.google.com%2Fmail%2Fu%2F0%2F&ifkv=AXo7B7WFgGMrg35-dDAtZNdVHPnMMYPzvMRVpbKPDQJQq0BoQbMmsNvuzu_z967cnCPDz_axncvB7w&osid=1&passive=1209600&service=mail&flowName=WebLiteSignIn&flowEntry=ServiceLogin&dsh=S-486334765%3A1691365031474726,114,0,80
1691365029879,122,HTTP Request-0,301,Moved Permanently,Thread Group 1 1-1,text,true,,607,114,2,4,http://gmail.com/,114,0,80
1691365030006,1378,HTTP Request-1,302,Moved Temporarily,Thread Group 1 1-1,text,true,,1252,129,2,4,https://mail.google.com/mail/u/0/,1376,0,1132
1691365031386,300,HTTP Request-2,302,Found,Thread Group 1 1-1,text,true,,1651,264,2,4,https://accounts.google.com/ServiceLogin?service=mail&passive=1209600&osid=1&continue=https://mail.google.com/mail/u/0/&followup=https://mail.google.com/mail/u/0/&emr=1,300,0,183
1691365031687,109,HTTP Request-3,302,Moved Temporarily,Thread Group 1 1-1,text,true,,2063,352,2,4,https://accounts.google.com/InteractiveLogin?continue=https://mail.google.com/mail/u/0/&emr=1&followup=https://mail.google.com/mail/u/0/&osid=1&passive=1209600&service=mail&ifkv=AXo7B7XaC41E_Zjm6sRlo5Bk1AbwkOPAo0Z1jte-JSy68pqynkV0GRDjeId3h1mNHa__49fhaXT_4Q,109,0,0
1691365031797,3399,HTTP Request-4,200,OK,Thread Group 1 1-1,text,true,,627443,465,2,4,https://accounts.google.com/v3/signin/identifier?continue=https%3A%2F%2Fmail.google.com%2Fmail%2Fu%2F0%2F&emr=1&followup=https%3A%2F%2Fmail.google.com%2Fmail%2Fu%2F0%2F&ifkv=AXo7B7WFgGMrg35-dDAtZNdVHPnMMYPzvMRVpbKPDQJQq0BoQbMmsNvuzu_z967cnCPDz_axncvB7w&osid=1&passive=1209600&service=mail&flowName=WebLiteSignIn&flowEntry=ServiceLogin&dsh=S-486334765%3A1691365031474726,404,0,0
1691365030249,5575,HTTP Request,200,OK,Thread Group 2 2-2,text,true,,632700,1323,2,3,https://accounts.google.com/v3/signin/identifier?continue=https%3A%2F%2Fmail.google.com%2Fmail%2Fu%2F0%2F&emr=1&followup=https%3A%2F%2Fmail.google.com%2Fmail%2Fu%2F0%2F&ifkv=AXo7B7X08APXs8flYlNVbMWN-ETgtzuRkHI3UuJppd4KRK3yhw2vmDZ3HIREYS_t5NnpKSW4nzPrLw&osid=1&passive=1209600&service=mail&flowName=WebLiteSignIn&flowEntry=ServiceLogin&dsh=S923423508%3A1691365031461295,54,0,25
1691365030249,54,HTTP Request-0,301,Moved Permanently,Thread Group 2 2-2,text,true,,607,114,2,3,http://gmail.com/,54,0,25
1691365030304,1102,HTTP Request-1,302,Moved Temporarily,Thread Group 2 2-2,text,true,,1252,129,2,3,https://mail.google.com/mail/u/0/,1102,0,823
1691365031407,271,HTTP Request-2,302,Found,Thread Group 2 2-2,text,true,,1651,264,2,3,https://accounts.google.com/ServiceLogin?service=mail&passive=1209600&osid=1&continue=https://mail.google.com/mail/u/0/&followup=https://mail.google.com/mail/u/0/&emr=1,271,0,151
1691365031678,98,HTTP Request-3,302,Moved Temporarily,Thread Group 2 2-2,text,true,,2061,352,2,3,https://accounts.google.com/InteractiveLogin?continue=https://mail.google.com/mail/u/0/&emr=1&followup=https://mail.google.com/mail/u/0/&osid=1&passive=1209600&service=mail&ifkv=AXo7B7WHA-uwoUcOOyrmZjvwzik5GC099jUpgZIjIIZX6BHSIVISLQ2tXq0NeVngGeLubJzLIFH1Nw,98,0,0
1691365031777,4047,HTTP Request-4,200,OK,Thread Group 2 2-2,text,true,,627129,464,2,3,https://accounts.google.com/v3/signin/identifier?continue=https%3A%2F%2Fmail.google.com%2Fmail%2Fu%2F0%2F&emr=1&followup=https%3A%2F%2Fmail.google.com%2Fmail%2Fu%2F0%2F&ifkv=AXo7B7X08APXs8flYlNVbMWN-ETgtzuRkHI3UuJppd4KRK3yhw2vmDZ3HIREYS_t5NnpKSW4nzPrLw&osid=1&passive=1209600&service=mail&flowName=WebLiteSignIn&flowEntry=ServiceLogin&dsh=S923423508%3A1691365031461295,128,0,0
1691365030547,5692,HTTP Request,200,OK,Thread Group 1 1-5,text,true,,632917,1325,1,3,https://accounts.google.com/v3/signin/identifier?continue=https%3A%2F%2Fmail.google.com%2Fmail%2Fu%2F0%2F&emr=1&followup=https%3A%2F%2Fmail.google.com%2Fmail%2Fu%2F0%2F&ifkv=AXo7B7VaBbaRNsa6Lh6mWDyTMg0Alr6Ex-i0DlJNFVIfYNhWTra1kWXEVZWJJirxXsbrrQMJXyZzog&osid=1&passive=1209600&service=mail&flowName=WebLiteSignIn&flowEntry=ServiceLogin&dsh=S-2146621880%3A1691365031481661,86,0,26
1691365030547,86,HTTP Request-0,301,Moved Permanently,Thread Group 1 1-5,text,true,,607,114,1,3,http://gmail.com/,86,0,26
1691365030634,747,HTTP Request-1,302,Moved Temporarily,Thread Group 1 1-5,text,true,,1252,129,1,3,https://mail.google.com/mail/u/0/,744,0,504
1691365031384,312,HTTP Request-2,302,Found,Thread Group 1 1-5,text,true,,1651,264,1,3,https://accounts.google.com/ServiceLogin?service=mail&passive=1209600&osid=1&continue=https://mail.google.com/mail/u/0/&followup=https://mail.google.com/mail/u/0/&emr=1,312,0,171
1691365031696,101,HTTP Request-3,302,Moved Temporarily,Thread Group 1 1-5,text,true,,2065,352,1,3,https://accounts.google.com/InteractiveLogin?continue=https://mail.google.com/mail/u/0/&emr=1&followup=https://mail.google.com/mail/u/0/&osid=1&passive=1209600&service=mail&ifkv=AXo7B7W9Hq1p06G-bedCjcT0LyXjIY0L_0Hjd_ELrrP4PrkXo4fl6hwr_Huev4qc6JjMq1-_kTQAng,101,0,0
1691365031797,4442,HTTP Request-4,200,OK,Thread Group 1 1-5,text,true,,627342,466,1,3,https://accounts.google.com/v3/signin/identifier?continue=https%3A%2F%2Fmail.google.com%2Fmail%2Fu%2F0%2F&emr=1&followup=https%3A%2F%2Fmail.google.com%2Fmail%2Fu%2F0%2F&ifkv=AXo7B7VaBbaRNsa6Lh6mWDyTMg0Alr6Ex-i0DlJNFVIfYNhWTra1kWXEVZWJJirxXsbrrQMJXyZzog&osid=1&passive=1209600&service=mail&flowName=WebLiteSignIn&flowEntry=ServiceLogin&dsh=S-2146621880%3A1691365031481661,406,0,0
1691365035109,1649,HTTP Request,200,OK,Thread Group 2 2-1,text,true,,632723,1323,2,2,https://accounts.google.com/v3/signin/identifier?continue=https%3A%2F%2Fmail.google.com%2Fmail%2Fu%2F0%2F&emr=1&followup=https%3A%2F%2Fmail.google.com%2Fmail%2Fu%2F0%2F&ifkv=AXo7B7X7d2kEV0GdsI-pnW-SaDAw2Bc7qkWpgfPpiALFLTbg75H5L9yGONJHGg5WZVyrSmLYvb_jqg&osid=1&passive=1209600&service=mail&flowName=WebLiteSignIn&flowEntry=ServiceLogin&dsh=S570978233%3A1691365035401063,50,0,0
1691365035109,50,HTTP Request-0,301,Moved Permanently,Thread Group 2 2-1,text,true,,607,114,2,2,http://gmail.com/,50,0,0
1691365035159,378,HTTP Request-1,302,Moved Temporarily,Thread Group 2 2-1,text,true,,1252,129,2,2,https://mail.google.com/mail/u/0/,378,0,0
1691365035537,84,HTTP Request-2,302,Found,Thread Group 2 2-1,text,true,,1651,264,2,2,https://accounts.google.com/ServiceLogin?service=mail&passive=1209600&osid=1&continue=https://mail.google.com/mail/u/0/&followup=https://mail.google.com/mail/u/0/&emr=1,84,0,0
1691365035622,92,HTTP Request-3,302,Moved Temporarily,Thread Group 2 2-1,text,true,,2061,352,2,2,https://accounts.google.com/InteractiveLogin?continue=https://mail.google.com/mail/u/0/&emr=1&followup=https://mail.google.com/mail/u/0/&osid=1&passive=1209600&service=mail&ifkv=AXo7B7UqLdLNPDbNlJeD9CPxsS9fLthwGc_lyrJ-RGHJdGBkh1-_x7c3RdyAmZHwvuZMWpPgphyy6A,92,0,0
1691365035714,1044,HTTP Request-4,200,OK,Thread Group 2 2-1,text,true,,627152,464,2,2,https://accounts.google.com/v3/signin/identifier?continue=https%3A%2F%2Fmail.google.com%2Fmail%2Fu%2F0%2F&emr=1&followup=https%3A%2F%2Fmail.google.com%2Fmail%2Fu%2F0%2F&ifkv=AXo7B7X7d2kEV0GdsI-pnW-SaDAw2Bc7qkWpgfPpiALFLTbg75H5L9yGONJHGg5WZVyrSmLYvb_jqg&osid=1&passive=1209600&service=mail&flowName=WebLiteSignIn&flowEntry=ServiceLogin&dsh=S570978233%3A1691365035401063,110,0,0
1691365035824,1735,HTTP Request,200,OK,Thread Group 2 2-2,text,true,,632849,1325,1,1,https://accounts.google.com/v3/signin/identifier?continue=https%3A%2F%2Fmail.google.com%2Fmail%2Fu%2F0%2F&emr=1&followup=https%3A%2F%2Fmail.google.com%2Fmail%2Fu%2F0%2F&ifkv=AXo7B7X4yO-a-4vwtlx1W9YJL7dwpFMeblLzfieIbOCr96xP-KJgH0HBnf2L_LbrUlEa1SQISzIgvA&osid=1&passive=1209600&service=mail&flowName=WebLiteSignIn&flowEntry=ServiceLogin&dsh=S-1811514286%3A1691365036642327,57,0,0
1691365035824,57,HTTP Request-0,301,Moved Permanently,Thread Group 2 2-2,text,true,,607,114,1,1,http://gmail.com/,57,0,0
1691365035881,897,HTTP Request-1,302,Moved Temporarily,Thread Group 2 2-2,text,true,,1252,129,1,1,https://mail.google.com/mail/u/0/,897,0,0
1691365036778,82,HTTP Request-2,302,Found,Thread Group 2 2-2,text,true,,1651,264,1,1,https://accounts.google.com/ServiceLogin?service=mail&passive=1209600&osid=1&continue=https://mail.google.com/mail/u/0/&followup=https://mail.google.com/mail/u/0/&emr=1,82,0,0
1691365036861,93,HTTP Request-3,302,Moved Temporarily,Thread Group 2 2-2,text,true,,2065,352,1,1,https://accounts.google.com/InteractiveLogin?continue=https://mail.google.com/mail/u/0/&emr=1&followup=https://mail.google.com/mail/u/0/&osid=1&passive=1209600&service=mail&ifkv=AXo7B7WsDYPNBHo73E3UiTQtGDXPIhGu-LPuKyACkXjJllAxHNXPS8NieHMQM0jhMMYoecMDSF_3SA,93,0,0
1691365036954,605,HTTP Request-4,200,OK,Thread Group 2 2-2,text,true,,627274,466,1,1,https://accounts.google.com/v3/signin/identifier?continue=https%3A%2F%2Fmail.google.com%2Fmail%2Fu%2F0%2F&emr=1&followup=https%3A%2F%2Fmail.google.com%2Fmail%2Fu%2F0%2F&ifkv=AXo7B7X4yO-a-4vwtlx1W9YJL7dwpFMeblLzfieIbOCr96xP-KJgH0HBnf2L_LbrUlEa1SQISzIgvA&osid=1&passive=1209600&service=mail&flowName=WebLiteSignIn&flowEntry=ServiceLogin&dsh=S-1811514286%3A1691365036642327,96,0,0
